Inventory.id,Inventory.Item_Name,Inventory.Serial_Num,Inventory.Inventory_Date,Inventory.Used_Date,Inventory.PO_Num,Inventory.Ticket_Num,Inventory.Asset_Tag
1272,Optiplex 7010 HP i7,C9MTYY3,2024-06-13 11:22:47,<NULL>,PO_54288,,
1273,Optiplex 7010 HP i7,H8MTYY3,2024-06-13 11:22:47,<NULL>,PO_51679,,
1274,Optiplex 7010 HP i7,79MTYY3,2024-06-13 11:22:47,<NULL>,PO_51679,,
1275,Optiplex 7010 HP i7,28C5H24,2024-06-13 11:22:47,<NULL>,PO_83409,,
1276,Optiplex 7010 HP i7,67C5H24,2024-06-13 11:22:47,<NULL>,PO_68723,,
1277,Optiplex 7010 HP i7,F7C5H24,2024-06-13 11:22:47,<NULL>,PO_42658,,
1278,Optiplex 7010 HP i7,C7C5H24,2024-06-13 11:22:47,<NULL>,PO_83463,,
1279,Optiplex 7010 HP i7,48C5H24,2024-06-13 11:22:47,<NULL>,PO_42658,,
1280,Optiplex 7010 HP i7,J7C5H24,2024-06-13 11:22:47,<NULL>,PO_85905,,
1281,Optiplex 7010 HP i7,47C5H24,2024-06-13 11:22:47,<NULL>,PO_22774,,
1282,Optiplex 7010 HP i7,59C5H24,2024-06-13 11:22:47,<NULL>,PO_51679,,
1283,Optiplex 7010 HP i7,97C5H24,2024-06-13 11:22:47,<NULL>,PO_83463,,
1284,Optiplex 7010 HP i7,C8C5H24,2024-06-13 11:22:47,<NULL>,PO_68723,,
1285,Optiplex 7010 HP i7,78C5H24,2024-06-13 11:22:47,<NULL>,PO_51679,,
1286,Optiplex 7010 HP i7,77C5H24,2024-06-13 11:22:47,<NULL>,PO_83463,,
1287,Optiplex 7010 HP i7,H6C5H24,2024-06-13 11:22:47,<NULL>,PO_54288,,
1288,Optiplex 7010 HP i7,D7C5H24,2024-06-13 11:22:47,<NULL>,PO_83409,,
1289,Optiplex 7010 HP i7,18C5H24,2024-06-13 11:22:47,<NULL>,PO_51679,,
1290,Optiplex 7010 HP i7,87C5H24,2024-06-13 11:22:47,<NULL>,PO_83409,,
1291,Optiplex 7010 HP i7,58C5H24,2024-06-13 11:22:47,<NULL>,PO_83463,,
1292,Optiplex 7010 HP i7,98C5H24,2024-06-13 11:22:47,<NULL>,PO_39898,,
1293,Optiplex 7010 HP i7,G8C5H24,2024-06-13 11:22:47,<NULL>,PO_83463,,
1294,Optiplex 7010 HP i7,D8C5H24,2024-06-13 11:22:47,<NULL>,PO_42658,,
1295,Optiplex 7010 HP i7,H8C5H24,2024-06-13 11:22:47,<NULL>,PO_22774,,
1296,Optiplex 7010 HP i7,F8C5H24,2024-06-13 11:22:47,<NULL>,PO_51679,,
1297,Optiplex 7010 HP i7,H7C5H24,2024-06-13 11:22:47,<NULL>,PO_22774,,
1298,Optiplex 7010 HP i7,49C5H24,2024-06-13 11:22:47,<NULL>,PO_85905,,
1299,Optiplex 7010 HP i7,B8C5H24,2024-06-13 11:22:47,<NULL>,PO_69970,,
1300,Optiplex 7010 HP i7,27C5H24,2024-06-13 11:22:47,<NULL>,PO_39898,,
1301,Optiplex 7010 HP i7,57C5H24,2024-06-13 11:22:47,<NULL>,PO_22774,,
1302,Optiplex 7010 HP i7,17C5H24,2024-06-13 11:22:47,<NULL>,PO_83463,,
1303,Optiplex 7010 HP i7,29C5H24,2024-06-13 11:22:47,<NULL>,PO_85905,,
1304,Optiplex 7010 HP i7,68C5H24,2024-06-13 11:22:47,<NULL>,PO_85905,,
1305,Optiplex 7010 HP i7,37C5H24,2024-06-13 11:22:47,<NULL>,PO_85905,,
1306,Optiplex 7010 HP i7,B7C5H24,2024-06-13 11:22:47,<NULL>,PO_85905,,
1307,Optiplex 7010 HP i7,39C5H24,2024-06-13 11:22:47,<NULL>,PO_85905,,
1308,Optiplex 7010 HP i7,19C5H24,2024-06-13 11:22:47,<NULL>,PO_39898,,
1309,Optiplex 7010 HP i7,88C5H24,2024-06-13 11:22:47,<NULL>,PO_69970,,
1310,Optiplex 7010 HP i7,G7C5H24,2024-06-13 11:22:47,<NULL>,PO_68723,,
1311,Optiplex 7010 HP i7,J6C5H24,2024-06-13 11:22:47,<NULL>,PO_42658,,
1312,Optiplex 7010 HP i7,38C5H24,2024-06-13 11:22:47,<NULL>,PO_69970,,
1313,Optiplex 7010 HP i5,JBC5H24,2024-06-13 11:22:47,<NULL>,PO_54288,,
1314,Optiplex 7010 HP i5,6BC5H24,2024-06-13 11:22:47,<NULL>,PO_51679,,
1315,Optiplex 7010 HP i5,C9C5H24,2024-06-13 11:22:47,<NULL>,PO_51679,,
1316,Optiplex 7010 HP i5,H9C5H24,2024-06-13 11:22:47,<NULL>,PO_83409,,
1317,Optiplex 7010 HP i5,2BC5H24,2024-06-13 11:22:47,<NULL>,PO_68723,,
1318,Optiplex 7010 HP i5,D9C5H24,2024-06-13 11:22:47,<NULL>,PO_42658,,
1319,Optiplex 7010 HP i5,3BC5H24,2024-06-13 11:22:47,<NULL>,PO_83463,,
1320,Optiplex 7010 HP i5,1BC5H24,2024-06-13 11:22:47,<NULL>,PO_54288,,
1321,Optiplex 7010 HP i5,4CC5H24,2024-06-13 11:22:47,<NULL>,PO_51679,,
1322,Optiplex 7010 HP i5,J9C5H24,2024-06-13 11:22:47,<NULL>,PO_51679,,
1323,Optiplex 7010 HP i5,5CC5H24,2024-06-13 11:22:47,<NULL>,PO_83409,,
1324,Optiplex 7010 HP i5,G9C5H24,2024-06-13 11:22:47,<NULL>,PO_68723,,
1325,Optiplex 7010 HP i5,4BC5H24,2024-06-13 11:22:47,<NULL>,PO_42658,,
1326,Optiplex 7010 HP i5,F9C5H24,2024-06-13 11:22:47,<NULL>,PO_83463,,
1327,Optiplex 7010 HP i5,AU045N,2024-06-13 11:22:47,<NULL>,PO_42658,,
1328,Optiplex 7010 HP i5,9BC5H24,2024-06-13 11:22:47,<NULL>,PO_85905,,
1329,Optiplex 7010 HP i5,79C5H24,2024-06-13 11:22:47,<NULL>,PO_22774,,
1330,Optiplex 7010 HP i5,8CC5H24,2024-06-13 11:22:47,<NULL>,PO_42658,,
1331,Optiplex 7010 HP i5,1CC5H24,2024-06-13 11:22:47,<NULL>,PO_51679,,
1332,Optiplex 7010 HP i5,DBC5H24,2024-06-13 11:22:47,<NULL>,PO_83463,,
1333,Optiplex 7010 HP i5,89C5H24,2024-06-13 11:22:47,<NULL>,PO_69970,,
1334,Optiplex 7010 HP i5,HBC5H24,2024-06-13 11:22:47,<NULL>,PO_68723,,
1335,Optiplex 7010 HP i5,B9C5H24,2024-06-13 11:22:47,<NULL>,PO_51679,,
1336,Optiplex 7010 HP i5,9CC5H24,2024-06-13 11:22:47,<NULL>,PO_83463,,
1337,Optiplex 7010 HP i5,HCC5H24,2024-06-13 11:22:47,<NULL>,PO_54288,,
1338,Optiplex 7010 HP i5,6CC5H24,2024-06-13 11:22:47,<NULL>,PO_83409,,
1339,Optiplex 7010 HP i5,FCC5H24,2024-06-13 11:22:47,<NULL>,PO_51679,,
1340,Optiplex 7010 HP i5,BBC5H24,2024-06-13 11:22:47,<NULL>,PO_83409,,
1341,Optiplex 7010 HP i5,3CC5H24,2024-06-13 11:22:47,<NULL>,PO_83463,,
1342,Optiplex 7010 HP i5,GCC5H24,2024-06-13 11:22:47,<NULL>,PO_39898,,
1343,Optiplex 7010 HP i5,1DC5H24,2024-06-13 11:22:47,<NULL>,PO_83463,,
1344,Optiplex 7010 HP i5,CCC5H24,2024-06-13 11:22:47,<NULL>,PO_42658,,
1345,Optiplex 7010 HP i5,2DC5H24,2024-06-13 11:22:47,<NULL>,PO_22774,,
1346,Optiplex 7010 HP i5,CBC5H24,2024-06-13 11:22:47,<NULL>,PO_51679,,
1347,Optiplex 7010 HP i5,GBC5H24,2024-06-13 11:22:47,<NULL>,PO_22774,,
1348,Optiplex 7010 HP i5,FBC5H24,2024-06-13 11:22:47,<NULL>,PO_85905,,
1349,Optiplex 7010 HP i5,8BC5H24,2024-06-13 11:22:47,<NULL>,PO_69970,,
1350,Optiplex 7010 HP i5,2CC5H24,2024-06-13 11:22:47,<NULL>,PO_39898,,
1351,Optiplex 7010 HP i5,BCC5H24,2024-06-13 11:22:47,<NULL>,PO_22774,,
1352,Optiplex 7010 HP i5,7BC5H24,2024-06-13 11:22:47,<NULL>,PO_83463,,
1353,Optiplex 7010 HP i5,5BC5H24,2024-06-13 11:22:47,<NULL>,PO_85905,,
1354,Optiplex 7010 HP i5,99C5H24,2024-06-13 11:22:47,<NULL>,PO_85905,,
1355,Optiplex 7010 HP i5,DCC5H24,2024-06-13 11:22:47,<NULL>,PO_85905,,
1356,Optiplex 7010 HP i5,JCC5H24,2024-06-13 11:22:47,<NULL>,PO_85905,,
1357,Optiplex 7010 HP i5,3DC5H24,2024-06-13 11:22:47,<NULL>,PO_85905,,
1358,P2422HE,730J9M3,2024-06-13 11:22:47,<NULL>,PO_39898,,
1359,P2422HE,6H1J9M3,2024-06-13 11:22:47,<NULL>,PO_69970,,
1360,P2422HE,JD1J9M3,2024-06-13 11:22:47,<NULL>,PO_68723,,
1361,P2422HE,HWZY9M3,2024-06-13 11:22:47,<NULL>,PO_42658,,
1362,P2422HE,2GYY9M3,2024-06-13 11:22:47,<NULL>,PO_69970,,
1363,P2422HE,1NZY9M3,2024-06-13 11:22:47,<NULL>,PO_54288,,
1364,P2422HE,BZZY9M3,2024-06-13 11:22:47,<NULL>,PO_51679,,
1365,P2422HE,2JZY9M3,2024-06-13 11:22:47,<NULL>,PO_51679,,
1366,P2422HE,87YY9M3,2024-06-13 11:22:47,<NULL>,PO_83409,,
1367,P2422HE,C80Z9M3,2024-06-13 11:22:47,<NULL>,PO_68723,,
1368,P2422HE,2JYY9M3,2024-06-13 11:22:47,<NULL>,PO_42658,,
1369,P2422HE,1XYY9M3,2024-06-13 11:22:47,<NULL>,PO_83463,,
1370,P2422HE,8WZY9M3,2024-06-13 11:22:47,<NULL>,PO_54288,,
1371,P2422HE,CKYY9M3,2024-06-13 11:22:47,<NULL>,PO_51679,,
1372,P2422HE,CDZY9M3,2024-06-13 11:22:47,<NULL>,PO_51679,,
1373,P2422HE,C40Z9M3,2024-06-13 11:22:47,<NULL>,PO_83409,,
1374,P2422HE,91YY9M3,2024-06-13 11:22:47,<NULL>,PO_68723,,
1375,P2422HE,F4ZY9M3,2024-06-13 11:22:47,<NULL>,PO_42658,,
1376,P2422HE,HHZY9M3,2024-06-13 11:22:47,<NULL>,PO_83463,,
1377,P2422HE,860Z9M3,2024-06-13 11:22:47,<NULL>,PO_42658,,
1378,P2422HE,7G0Z9M3,2024-06-13 11:22:47,<NULL>,PO_85905,,
1379,P2422HE,5C0Z9M3,2024-06-13 11:22:47,<NULL>,PO_22774,,
1380,P2422HE,BHYY9M3,2024-06-13 11:22:47,<NULL>,PO_42658,,
1381,P2422HE,H8ZY9M3,2024-06-13 11:22:47,<NULL>,PO_51679,,
1382,P2422HE,8ZXY9M3,2024-06-13 11:22:47,<NULL>,PO_83463,,
1383,P2422HE,BVYY9M3,2024-06-13 11:22:47,<NULL>,PO_69970,,
1384,P2422HE,HGYY9M3,2024-06-13 11:22:47,<NULL>,PO_68723,,
1385,P2422HE,90ZY9M3,2024-06-13 11:22:47,<NULL>,PO_51679,,
1386,P2422HE,6NZY9M3,2024-06-13 11:22:47,<NULL>,PO_83463,,
1387,P2422HE,BFZY9M3,2024-06-13 11:22:47,<NULL>,PO_54288,,
1388,P2422HE,3ZZY9M3,2024-06-13 11:22:47,<NULL>,PO_83409,,
1389,P2422HE,C4ZY9M3,2024-06-13 11:22:47,<NULL>,PO_51679,,
1390,P2422HE,GDYY9M3,2024-06-13 11:22:47,<NULL>,PO_83409,,
1391,P2422HE,CCYY9M3,2024-06-13 11:22:47,<NULL>,PO_83463,,
1392,P2422HE,2B0Z9M3,2024-06-13 11:22:47,<NULL>,PO_39898,,
1393,P2422HE,CJZY9M3,2024-06-13 11:22:47,<NULL>,PO_83463,,
1394,P2422HE,JXZY9M3,2024-06-13 11:22:47,<NULL>,PO_42658,,
1395,P2422HE,4BYY9M3,2024-06-13 11:22:47,<NULL>,PO_22774,,
1396,P2422HE,JZYY9M3,2024-06-13 11:22:47,<NULL>,PO_51679,,
1397,P2422HE,72YY9M3,2024-06-13 11:22:47,<NULL>,PO_22774,,
1398,P2422HE,9DYY9M3,2024-06-13 11:22:47,<NULL>,PO_85905,,
1399,P2422HE,GVYY9M3,2024-06-13 11:22:47,<NULL>,PO_69970,,
1400,P2422HE,560Z9M3,2024-06-13 11:22:47,<NULL>,PO_39898,,
1401,P2422HE,D7YY9M3,2024-06-13 11:22:47,<NULL>,PO_22774,,
1402,P2422HE,GGYY9M3,2024-06-13 11:22:47,<NULL>,PO_83463,,
1403,P2422HE,4SZY9M3,2024-06-13 11:22:47,<NULL>,PO_85905,,
1404,P2422HE,CPZY9M3,2024-06-13 11:22:47,<NULL>,PO_85905,,
1405,P2422HE,8Y2H3V3,2024-06-13 11:22:47,<NULL>,PO_85905,,
1406,P2422HE,H93H3V3,2024-06-13 11:22:47,<NULL>,PO_85905,,
1407,P2422HE,C83H3V3,2024-06-13 11:22:47,<NULL>,PO_85905,,
1408,P2422HE,774H3V3,2024-06-13 11:22:47,<NULL>,PO_39898,,
1409,P2422HE,1H3H3V3,2024-06-13 11:22:47,<NULL>,PO_69970,,
1410,P2422HE,FL4H3V3,2024-06-13 11:22:47,<NULL>,PO_68723,,
1411,P2422HE,JM4H3V3,2024-06-13 11:22:47,<NULL>,PO_42658,,
1412,P2422HE,434H3V3,2024-06-13 11:22:47,<NULL>,PO_69970,,
1413,P2422HE,8R3H3V3,2024-06-13 11:22:47,<NULL>,PO_54288,,
1414,P2422HE,8N2H3V3,2024-06-13 11:22:47,<NULL>,PO_51679,,
1415,P2422HE,3M2H3V3,2024-06-13 11:22:47,<NULL>,PO_51679,,
1416,P2422HE,D83H3V3,2024-06-13 11:22:47,<NULL>,PO_83409,,
1417,P2422HE,H34H3V3,2024-06-13 11:22:47,<NULL>,PO_68723,,
1418,P2422HE,J15H3V3,2024-06-13 11:22:47,<NULL>,PO_42658,,
1419,P2422HE,DP4H3V3,2024-06-13 11:22:47,<NULL>,PO_83463,,
1420,P2422HE,6P2H3V3,2024-06-13 11:22:47,<NULL>,PO_54288,,
1421,P2422HE,6G3H3V3,2024-06-13 11:22:47,<NULL>,PO_51679,,
1422,P2422HE,BX3H3V3,2024-06-13 11:22:47,<NULL>,PO_51679,,
1423,P2422HE,3M4H3V3,2024-06-13 11:22:47,<NULL>,PO_83409,,
1424,P2422HE,604H3V3,2024-06-13 11:22:47,<NULL>,PO_68723,,
1425,P2422HE,FW4H3V3,2024-06-13 11:22:47,<NULL>,PO_42658,,
1426,P2422HE,5R4H3V3,2024-06-13 11:22:47,<NULL>,PO_83463,,
1427,P2422HE,4S3H3V3,2024-06-13 11:22:47,<NULL>,PO_42658,,
1428,P2422HE,5P4H3V3,2024-06-13 11:22:47,<NULL>,PO_85905,,
1429,P2422HE,223H3V3,2024-06-13 11:22:47,<NULL>,PO_22774,,
1430,P2422HE,8J4H3V3,2024-06-13 11:22:47,<NULL>,PO_42658,,
1431,P2422HE,4C4H3V3,2024-06-13 11:22:47,<NULL>,PO_51679,,
1432,P2422HE,F64H3V3,2024-06-13 11:22:47,<NULL>,PO_83463,,
1433,P2422HE,2R3H3V3,2024-06-13 11:22:47,<NULL>,PO_69970,,
1434,P2422HE,8R2H3V3,2024-06-13 11:22:47,<NULL>,PO_68723,,
1435,P2422HE,4W3H3V3,2024-06-13 11:22:47,<NULL>,PO_51679,,
1436,P2422HE,8S3H3V3,2024-06-13 11:22:47,<NULL>,PO_83463,,
1437,P2422HE,FS2H3V3,2024-06-13 11:22:47,<NULL>,PO_54288,,
1438,P2422HE,CS3H3V3,2024-06-13 11:22:47,<NULL>,PO_83409,,
1439,P2422HE,B54H3V3,2024-06-13 11:22:47,<NULL>,PO_51679,,
1440,P2422HE,FS4H3V3,2024-06-13 11:22:47,<NULL>,PO_83409,,
1441,P2422HE,GH3H3V3,2024-06-13 11:22:47,<NULL>,PO_83463,,
1442,P2422HE,HR4H3V3,2024-06-13 11:22:47,<NULL>,PO_39898,,
1443,P2422HE,5Z2H3V3,2024-06-13 11:22:47,<NULL>,PO_83463,,
1444,P2422HE,B44H3V3,2024-06-13 11:22:47,<NULL>,PO_42658,,
1445,P2422HE,765H3V3,2024-06-13 11:22:47,<NULL>,PO_22774,,
1446,P2422HE,3T2H3V3,2024-06-13 11:22:47,<NULL>,PO_51679,,
1447,P2422HE,GN4H3V3,2024-06-13 11:22:47,<NULL>,PO_22774,,
1448,P2422HE,8H4H3V3,2024-06-13 11:22:47,<NULL>,PO_85905,,
1449,P2422HE,9G3H3V3,2024-06-13 11:22:47,<NULL>,PO_69970,,
1450,P2422HE,B33H3V3,2024-06-13 11:22:47,<NULL>,PO_39898,,
1451,P2422HE,6P3H3V3,2024-06-13 11:22:47,<NULL>,PO_22774,,
1452,P2422HE,4M4H3V3,2024-06-13 11:22:47,<NULL>,PO_83463,,
1453,P2422HE,1S3H3V3,2024-06-13 11:22:47,<NULL>,PO_85905,,
1454,P2422HE,7M3H3V3,2024-06-13 11:22:47,<NULL>,PO_85905,,
1455,P2422HE,4N3H3V3,2024-06-13 11:22:47,<NULL>,PO_85905,,
1456,P2422HE,CS2H3V3,2024-06-13 11:22:47,<NULL>,PO_85905,,
1457,P2422HE,JB3H3V3,2024-06-13 11:22:47,<NULL>,PO_85905,,
1458,P2422HE,6T2H3V3,2024-06-13 11:22:47,<NULL>,PO_39898,,
1459,P2422HE,9V3H3V3,2024-06-13 11:22:47,<NULL>,PO_69970,,
1460,P2422HE,6N2H3V3,2024-06-13 11:22:47,<NULL>,PO_68723,,
1461,P2422HE,5N4H3V3,2024-06-13 11:22:47,<NULL>,PO_42658,,
1462,P2422HE,2F3H3V3,2024-06-13 11:22:47,<NULL>,PO_69970,,
1463,P2422HE,HK3H3V3,2024-06-13 11:22:47,<NULL>,PO_54288,,
1464,P2422HE,JK4H3V3,2024-06-13 11:22:47,<NULL>,PO_51679,,
1465,P2422HE,BT2H3V3,2024-06-13 11:22:47,<NULL>,PO_51679,,
1466,P2422HE,5W4H3V3,2024-06-13 11:22:47,<NULL>,PO_83409,,
1467,P2422HE,1Y4H3V3,2024-06-13 11:22:47,<NULL>,PO_68723,,
1468,P2422HE,5V2H3V3,2024-06-13 11:22:47,<NULL>,PO_42658,,
1469,P2422HE,5Y4H3V3,2024-06-13 11:22:47,<NULL>,PO_83463,,
1470,P2422HE,2V2H3V3,2024-06-13 11:22:47,<NULL>,PO_54288,,
1471,P2422HE,GZ3H3V3,2024-06-13 11:22:47,<NULL>,PO_51679,,
1472,P2422HE,CR3H3V3,2024-06-13 11:22:47,<NULL>,PO_51679,,
1473,P2422HE,5X3H3V3,2024-06-13 11:22:47,<NULL>,PO_83409,,
1474,P2422HE,454H3V3,2024-06-13 11:22:47,<NULL>,PO_68723,,
1475,P2422HE,5M2H3V3,2024-06-13 11:22:47,<NULL>,PO_42658,,
1476,P2422HE,343H3V3,2024-06-13 11:22:47,<NULL>,PO_83463,,
1477,P2422HE,GK3H3V3,2024-06-13 11:22:47,<NULL>,PO_42658,,
1478,P2422HE,J55H3V3,2024-06-13 11:22:47,<NULL>,PO_85905,,
1479,P2422HE,GN3H3V3,2024-06-13 11:22:47,<NULL>,PO_22774,,
1480,P2422HE,1L4H3V3,2024-06-13 11:22:47,<NULL>,PO_42658,,
1481,P2422HE,2V4H3V3,2024-06-13 11:22:47,<NULL>,PO_51679,,
1482,P2422HE,8D4H3V3,2024-06-13 11:22:47,<NULL>,PO_83463,,
1483,P2422HE,3P4H3V3,2024-06-13 11:22:47,<NULL>,PO_69970,,
1484,P2422HE,G83H3V3,2024-06-13 11:22:47,<NULL>,PO_68723,,
1485,P2422HE,GLFV3V3,2024-06-13 11:22:47,<NULL>,PO_51679,,
1486,P2422HE,6MDV3V3,2024-06-13 11:22:47,<NULL>,PO_83463,,
1487,P2422HE,CHFV3V3,2024-06-13 11:22:47,<NULL>,PO_54288,,
1488,P2422HE,7JDV3V3,2024-06-13 11:22:47,<NULL>,PO_83409,,
1489,P2422HE,G7FV3V3,2024-06-13 11:22:47,<NULL>,PO_51679,,
1490,P2422HE,JTFV3V3,2024-06-13 11:22:47,<NULL>,PO_83409,,
1491,P2422HE,DQDV3V3,2024-06-13 11:22:47,<NULL>,PO_83463,,
1492,P2422HE,4BDV3V3,2024-06-13 11:22:47,<NULL>,PO_39898,,
1493,P2422HE,H0FV3V3,2024-06-13 11:22:47,<NULL>,PO_83463,,
1494,P2422HE,BZFV3V3,2024-06-13 11:22:47,<NULL>,PO_42658,,
1495,P2422HE,49DV3V3,2024-06-13 11:22:47,<NULL>,PO_22774,,
1496,P2422HE,2TDV3V3,2024-06-13 11:22:47,<NULL>,PO_51679,,
1497,P2422HE,D5FV3V3,2024-06-13 11:22:47,<NULL>,PO_22774,,
1498,P2422HE,F5FV3V3,2024-06-13 11:22:47,<NULL>,PO_85905,,
1499,P2422HE,CKDV3V3,2024-06-13 11:22:47,<NULL>,PO_69970,,
1500,P2422HE,F4FV3V3,2024-06-13 11:22:47,<NULL>,PO_39898,,
1501,P2422HE,8QFV3V3,2024-06-13 11:22:47,<NULL>,PO_22774,,
1502,P2422HE,BLDV3V3,2024-06-13 11:22:47,<NULL>,PO_83463,,
1503,P2422HE,F7FV3V3,2024-06-13 11:22:47,<NULL>,PO_85905,,
1504,P2422HE,BYFV3V3,2024-06-13 11:22:47,<NULL>,PO_85905,,
1505,U2723QE,520C7P3,2024-06-13 11:22:47,<NULL>,PO_85905,,
1506,U2723QE,430C7P3,2024-06-13 11:22:47,<NULL>,PO_85905,,
1507,U2723QE,840C7P3,2024-06-13 11:22:47,<NULL>,PO_85905,,
1508,U2723QE,D20C7P3,2024-06-13 11:22:47,<NULL>,PO_39898,,
1509,U2723QE,730C7P3,2024-06-13 11:22:47,<NULL>,PO_69970,,
1510,U2723QE,H20C7P3,2024-06-13 11:22:47,<NULL>,PO_68723,,
1511,U2723QE,830C7P3,2024-06-13 11:22:47,<NULL>,PO_42658,,
1512,U2723QE,940C7P3,2024-06-13 11:22:47,<NULL>,PO_69970,,
1513,U2723QE,530C7P3,2024-06-13 11:22:47,<NULL>,PO_54288,,
1514,U2723QE,F30C7P3,2024-06-13 11:22:47,<NULL>,PO_51679,,
1515,U2723QE,740C7P3,2024-06-13 11:22:47,<NULL>,PO_51679,,
1516,U2723QE,B20C7P3,2024-06-13 11:22:47,<NULL>,PO_83409,,
1517,U2723QE,230C7P3,2024-06-13 11:22:47,<NULL>,PO_68723,,
1518,U2723QE,240C7P3,2024-06-13 11:22:47,<NULL>,PO_42658,,
1519,U2723QE,H8V08P3,2024-06-13 11:22:47,<NULL>,PO_83463,,
1520,U2723QE,87V08P3,2024-06-13 11:22:47,<NULL>,PO_54288,,
1521,U2723QE,48V08P3,2024-06-13 11:22:47,<NULL>,PO_51679,,
1522,U2723QE,B6V08P3,2024-06-13 11:22:47,<NULL>,PO_51679,,
1523,U2723QE,F7V08P3,2024-06-13 11:22:47,<NULL>,PO_83409,,
1524,U2723QE,B8V08P3,2024-06-13 11:22:47,<NULL>,PO_68723,,
1525,U2723QE,H6V08P3,2024-06-13 11:22:47,<NULL>,PO_42658,,
1526,U2723QE,5PT08P3,2024-06-13 11:22:47,<NULL>,PO_83463,,
1527,U2723QE,97V08P3,2024-06-13 11:22:47,<NULL>,PO_42658,,
1528,U2723QE,89V08P3,2024-06-13 11:22:47,<NULL>,PO_85905,,
1529,U2723QE,7H597P3,2024-06-13 11:22:47,<NULL>,PO_22774,,
1530,U2723QE,3H597P3,2024-06-13 11:22:47,<NULL>,PO_42658,,
1531,U2723QE,9G597P3,2024-06-13 11:22:47,<NULL>,PO_51679,,
1532,U2723QE,H9V08P3,2024-06-13 11:22:47,<NULL>,PO_83463,,
1533,U2723QE,88V08P3,2024-06-13 11:22:47,<NULL>,PO_69970,,
1534,U2723QE,69V08P3,2024-06-13 11:22:47,<NULL>,PO_68723,,
1535,U2723QE,F9V08P3,2024-06-13 11:22:47,<NULL>,PO_51679,,
1536,U2723QE,99V08P3,2024-06-13 11:22:47,<NULL>,PO_83463,,
1537,U2723QE,J9V08P3,2024-06-13 11:22:47,<NULL>,PO_54288,,
1538,U2723QE,5BV08P3,2024-06-13 11:22:47,<NULL>,PO_83409,,
1539,U2723QE,68V08P3,2024-06-13 11:22:47,<NULL>,PO_51679,,
1540,U2723QE,2BV08P3,2024-06-13 11:22:47,<NULL>,PO_83409,,
1541,U2723QE,D8V08P3,2024-06-13 11:22:47,<NULL>,PO_83463,,
1542,U2723QE,G8V08P3,2024-06-13 11:22:47,<NULL>,PO_39898,,
1543,U2723QE,4BV08P3,2024-06-13 11:22:47,<NULL>,PO_83463,,
1544,U2723QE,G9V08P3,2024-06-13 11:22:47,<NULL>,PO_42658,,
1545,U2723QE,B9V08P3,2024-06-13 11:22:47,<NULL>,PO_22774,,
1546,U2723QE,29V08P3,2024-06-13 11:22:47,<NULL>,PO_51679,,
1547,U2723QE,6BV08P3,2024-06-13 11:22:47,<NULL>,PO_22774,,
1548,U2723QE,49V08P3,2024-06-13 11:22:47,<NULL>,PO_85905,,
1549,U2723QE,79V08P3,2024-06-13 11:22:47,<NULL>,PO_69970,,
1550,U2723QE,39V08P3,2024-06-13 11:22:47,<NULL>,PO_39898,,
1551,U2723QE,8BV08P3,2024-06-13 11:22:47,<NULL>,PO_22774,,
1552,U2723QE,BBV08P3,2024-06-13 11:22:47,<NULL>,PO_83463,,
1553,7440,5TNHSV3,2024-06-13 11:22:47,<NULL>,PO_85905,,
1554,7440,3RS1QV3,2024-06-13 11:22:47,<NULL>,PO_85905,,
1555,7440,3VY1QV3,2024-06-13 11:22:47,<NULL>,PO_85905,,
1556,7440,DNY1QV3,2024-06-13 11:22:47,<NULL>,PO_85905,,
1557,7440,8RS1QV3,2024-06-13 11:22:47,<NULL>,PO_85905,,
1558,7440,FC61QV3,2024-06-13 11:22:47,<NULL>,PO_39898,,
1559,7440,9RY1QV3,2024-06-13 11:22:47,<NULL>,PO_69970,,
1560,7440,FPNHSV3,2024-06-13 11:22:47,<NULL>,PO_68723,,
1561,7440,FVNHSV3,2024-06-13 11:22:47,<NULL>,PO_42658,,
1562,7440,9021QV3,2024-06-13 11:22:47,<NULL>,PO_69970,,
1563,7440,2PSHSV3,2024-06-13 11:22:47,<NULL>,PO_54288,,
1564,7440,3LSHSV3,2024-06-13 11:22:47,<NULL>,PO_51679,,
1565,7440,4FSHSV3,2024-06-13 11:22:47,<NULL>,PO_51679,,
1566,7440,JHSHSV3,2024-06-13 11:22:47,<NULL>,PO_83409,,
1567,7440,3QY1QV3,2024-06-13 11:22:47,<NULL>,PO_68723,,
1568,7440,508KY04,2024-06-13 11:22:47,<NULL>,PO_42658,,
1569,7440,J6JKY04,2024-06-13 11:22:47,<NULL>,PO_83463,,
1570,7440,553KY04,2024-06-13 11:22:47,<NULL>,PO_54288,,
1571,7440,74DKY04,2024-06-13 11:22:47,<NULL>,PO_51679,,
1572,7440,283KY04,2024-06-13 11:22:47,<NULL>,PO_51679,,
1573,7440,DS7KY04,2024-06-13 11:22:47,<NULL>,PO_83409,,
1574,7440,563KY04,2024-06-13 11:22:47,<NULL>,PO_68723,,
1575,7440,673KY04,2024-06-13 11:22:47,<NULL>,PO_42658,,
1576,7440,H43KY04,2024-06-13 11:22:47,<NULL>,PO_83463,,
1577,7440,CT7KY04,2024-06-13 11:22:47,<NULL>,PO_42658,,
1578,7440,603KY04,2024-06-13 11:22:47,<NULL>,PO_85905,,
1579,7440,G23KY04,2024-06-13 11:22:47,<NULL>,PO_22774,,
1580,7440,D23KY04,2024-06-13 11:22:47,<NULL>,PO_42658,,
1581,7440,J63KY04,2024-06-13 11:22:47,<NULL>,PO_51679,,
1582,7440,H33KY04,2024-06-13 11:22:47,<NULL>,PO_83463,,
1583,7440,8Y2KY04,2024-06-13 11:22:47,<NULL>,PO_69970,,
1584,7440,183KY04,2024-06-13 11:22:47,<NULL>,PO_68723,,
1585,7440,CZYJY04,2024-06-13 11:22:47,<NULL>,PO_51679,,
1586,7440,8ZYJY04,2024-06-13 11:22:47,<NULL>,PO_83463,,
1587,7440,J53KY04,2024-06-13 11:22:47,<NULL>,PO_54288,,
1588,7440,F9F5V04,2024-06-13 11:22:47,<NULL>,PO_83409,,
1589,7440,F4R3V04,2024-06-13 11:22:47,<NULL>,PO_51679,,
1590,7440,HFL5V04,2024-06-13 11:22:47,<NULL>,PO_83409,,
1591,7440,9KL5V04,2024-06-13 11:22:47,<NULL>,PO_83463,,
1592,7440,JW13V04,2024-06-13 11:22:47,<NULL>,PO_39898,,
1593,7440,36X5V04,2024-06-13 11:22:47,<NULL>,PO_83463,,
1594,7440,87R5V04,2024-06-13 11:22:47,<NULL>,PO_42658,,
1595,7440,CML5V04,2024-06-13 11:22:47,<NULL>,PO_22774,,
1596,7440,86R5V04,2024-06-13 11:22:47,<NULL>,PO_51679,,
1597,7440,J2F5V04,2024-06-13 11:22:47,<NULL>,PO_22774,,
1598,7440,JDL5V04,2024-06-13 11:22:47,<NULL>,PO_85905,,
1599,7440,G223V04,2024-06-13 11:22:47,<NULL>,PO_69970,,
1600,7440,68R5V04,2024-06-13 11:22:47,<NULL>,PO_39898,,
1601,7440,9CF5V04,2024-06-13 11:22:47,<NULL>,PO_22774,,
1602,7440,JBF5V04,2024-06-13 11:22:47,<NULL>,PO_83463,,
1603,7440,B5F5V04,2024-06-13 11:22:47,<NULL>,PO_85905,,
1604,7440,CZ63V04,2024-06-13 11:22:47,<NULL>,PO_85905,,
1605,7440,75F5V04,2024-06-13 11:22:47,<NULL>,PO_85905,,
1606,7440,36R5V04,2024-06-13 11:22:47,<NULL>,PO_85905,,
1607,7440,CBF5V04,2024-06-13 11:22:47,<NULL>,PO_85905,,
1608,7440,58R5V04,2024-06-13 11:22:47,<NULL>,PO_39898,,
1609,7440,2023V04,2024-06-13 11:22:47,<NULL>,PO_69970,,
1610,7440,JCF5V04,2024-06-13 11:22:47,<NULL>,PO_68723,,
1611,7440,HT13V04,2024-06-13 11:22:47,<NULL>,PO_42658,,
1612,7440,G5R5V04,2024-06-13 11:22:47,<NULL>,PO_69970,,
1613,7440,9HL5V04,2024-06-13 11:22:47,<NULL>,PO_54288,,
1614,7440,F4F5V04,2024-06-13 11:22:47,<NULL>,PO_51679,,
1615,7440,G0R5V04,2024-06-13 11:22:47,<NULL>,PO_51679,,
1616,5440,JK4MSV3,2024-06-13 11:22:47,<NULL>,PO_83409,,
1617,5440,4P1NSV3,2024-06-13 11:22:47,<NULL>,PO_68723,,
1618,5440,6L4MSV3,2024-06-13 11:22:47,<NULL>,PO_42658,,
1619,5440,6MJKY04,2024-06-13 11:22:47,<NULL>,PO_83463,,
1620,5440,3C4LY04,2024-06-13 11:22:47,<NULL>,PO_54288,,
1621,5440,2MJKY04,2024-06-13 11:22:47,<NULL>,PO_51679,,
1622,5440,DLJKY04,2024-06-13 11:22:47,<NULL>,PO_51679,,
1623,5440,45VKY04,2024-06-13 11:22:47,<NULL>,PO_83409,,
1624,5440,DMJKY04,2024-06-13 11:22:47,<NULL>,PO_68723,,
1625,5440,2NJKY04,2024-06-13 11:22:47,<NULL>,PO_42658,,
1626,5440,63VKY04,2024-06-13 11:22:47,<NULL>,PO_83463,,
1627,5440,HLJKY04,2024-06-13 11:22:47,<NULL>,PO_42658,,
1628,5440,7NJKY04,2024-06-13 11:22:47,<NULL>,PO_85905,,
1629,5440,JJDKY04,2024-06-13 11:22:47,<NULL>,PO_22774,,
1630,5440,JLJKY04,2024-06-13 11:22:47,<NULL>,PO_42658,,
1631,5440,5MJKY04,2024-06-13 11:22:47,<NULL>,PO_51679,,
1632,5440,HKDKY04,2024-06-13 11:22:47,<NULL>,PO_83463,,
1633,5440,54VKY04,2024-06-13 11:22:47,<NULL>,PO_69970,,
1634,5440,6NJKY04,2024-06-13 11:22:47,<NULL>,PO_68723,,
1635,5440,F3VKY04,2024-06-13 11:22:47,<NULL>,PO_51679,,
1636,5440,9B4LY04,2024-06-13 11:22:47,<NULL>,PO_83463,,
1637,5440,GLJKY04,2024-06-13 11:22:47,<NULL>,PO_54288,,
1638,5440,JMJKY04,2024-06-13 11:22:47,<NULL>,PO_83409,,
1639,WD22TB4,72GSSZ3,2024-06-13 11:22:47,<NULL>,PO_51679,,
1640,WD22TB4,JRSSSZ3,2024-06-13 11:22:47,<NULL>,PO_83409,,
1641,WD22TB4,519SSZ3,2024-06-13 11:22:47,<NULL>,PO_83463,,
1642,WD22TB4,5PSSSZ3,2024-06-13 11:22:47,<NULL>,PO_39898,,
1643,WD22TB4,7FMSSZ3,2024-06-13 11:22:47,<NULL>,PO_83463,,
1644,WD22TB4,9GMSSZ3,2024-06-13 11:22:47,<NULL>,PO_42658,,
1645,WD22TB4,H1GSSZ3,2024-06-13 11:22:47,<NULL>,PO_22774,,
1646,WD22TB4,8WSSSZ3,2024-06-13 11:22:47,<NULL>,PO_51679,,
1647,WD22TB4,JJMSSZ3,2024-06-13 11:22:47,<NULL>,PO_22774,,
1648,WD22TB4,CWSSSZ3,2024-06-13 11:22:47,<NULL>,PO_85905,,
1649,WD22TB4,H0PLSZ3,2024-06-13 11:22:47,<NULL>,PO_69970,,
1650,WD22TB4,6CMSSZ3,2024-06-13 11:22:47,<NULL>,PO_39898,,
1651,WD22TB4,4QSSSZ3,2024-06-13 11:22:47,<NULL>,PO_22774,,
1652,WD22TB4,419SSZ3,2024-06-13 11:22:47,<NULL>,PO_83463,,
1653,WD22TB4,5NMSSZ3,2024-06-13 11:22:47,<NULL>,PO_85905,,
1654,WD22TB4,33GSSZ3,2024-06-13 11:22:47,<NULL>,PO_85905,,
1655,WD22TB4,CFMSSZ3,2024-06-13 11:22:47,<NULL>,PO_85905,,
1656,WD22TB4,25PLSZ3,2024-06-13 11:22:47,<NULL>,PO_85905,,
1657,WD22TB4,6LMSSZ3,2024-06-13 11:22:47,<NULL>,PO_85905,,
1658,WD22TB4,BR8SSZ3,2024-06-13 11:22:47,<NULL>,PO_39898,,
1659,WD22TB4,6GMSSZ3,2024-06-13 11:22:47,<NULL>,PO_69970,,
1660,WD22TB4,16GSSZ3,2024-06-13 11:22:47,<NULL>,PO_68723,,
1661,WD22TB4,61GSSZ3,2024-06-13 11:22:47,<NULL>,PO_42658,,
1662,WD22TB4,CLMSSZ3,2024-06-13 11:22:47,<NULL>,PO_69970,,
1663,WD22TB4,C9GSSZ3,2024-06-13 11:22:47,<NULL>,PO_54288,,
1664,WD22TB4,HYSSSZ3,2024-06-13 11:22:47,<NULL>,PO_51679,,
1665,WD22TB4,5DMSSZ3,2024-06-13 11:22:47,<NULL>,PO_51679,,
1666,WD22TB4,J1GSSZ3,2024-06-13 11:22:47,<NULL>,PO_83409,,
1667,WD22TB4,JQSSSZ3,2024-06-13 11:22:47,<NULL>,PO_68723,,
1668,WD22TB4,4S8SSZ3,2024-06-13 11:22:47,<NULL>,PO_42658,,
1669,WD22TB4,HNMSSZ3,2024-06-13 11:22:47,<NULL>,PO_83463,,
1670,WD22TB4,30TSSZ3,2024-06-13 11:22:47,<NULL>,PO_54288,,
1671,WD22TB4,18GSSZ3,2024-06-13 11:22:47,<NULL>,PO_51679,,
1672,WD22TB4,7S8SSZ3,2024-06-13 11:22:47,<NULL>,PO_51679,,
1673,WD22TB4,DHMSSZ3,2024-06-13 11:22:47,<NULL>,PO_83409,,
1674,WD22TB4,1YSSSZ3,2024-06-13 11:22:47,<NULL>,PO_68723,,
1675,WD22TB4,1TSSSZ3,2024-06-13 11:22:47,<NULL>,PO_42658,,
1676,WD22TB4,7GMSSZ3,2024-06-13 11:22:47,<NULL>,PO_83463,,
1677,WD22TB4,1XSSSZ3,2024-06-13 11:22:47,<NULL>,PO_42658,,
1678,WD22TB4,DTSSSZ3,2024-06-13 11:22:47,<NULL>,PO_85905,,
1679,WD22TB4,G8GSSZ3,2024-06-13 11:22:47,<NULL>,PO_22774,,
1680,WD22TB4,1RSSSZ3,2024-06-13 11:22:47,<NULL>,PO_42658,,
1681,WD22TB4,3V8SSZ3,2024-06-13 11:22:47,<NULL>,PO_51679,,
1682,WD22TB4,37GSSZ3,2024-06-13 11:22:47,<NULL>,PO_83463,,
1683,WD22TB4,DQSSSZ3,2024-06-13 11:22:47,<NULL>,PO_69970,,
1684,WD22TB4,2BGSSZ3,2024-06-13 11:22:47,<NULL>,PO_68723,,
1685,WD22TB4,BJMSSZ3,2024-06-13 11:22:47,<NULL>,PO_51679,,
1686,WD22TB4,319SSZ3,2024-06-13 11:22:47,<NULL>,PO_83463,,
1687,WD22TB4,6XSSSZ3,2024-06-13 11:22:47,<NULL>,PO_54288,,
1688,WD22TB4,FNMSSZ3,2024-06-13 11:22:47,<NULL>,PO_83409,,
1689,WD22TB4,4VSSSZ3,2024-06-13 11:22:47,<NULL>,PO_51679,,
1690,WD22TB4,4WSSSZ3,2024-06-13 11:22:47,<NULL>,PO_83409,,
1691,WD22TB4,22GSSZ3,2024-06-13 11:22:47,<NULL>,PO_83463,,
1692,WD22TB4,2X8SSZ3,2024-06-13 11:22:47,<NULL>,PO_39898,,
1693,WD22TB4,2NMSSZ3,2024-06-13 11:22:47,<NULL>,PO_83463,,
1694,WD22TB4,G6GSSZ3,2024-06-13 11:22:47,<NULL>,PO_42658,,
1695,WD22TB4,DCMSSZ3,2024-06-13 11:22:47,<NULL>,PO_22774,,
1696,WD22TB4,BNMSSZ3,2024-06-13 11:22:47,<NULL>,PO_51679,,
1697,WD22TB4,95PLSZ3,2024-06-13 11:22:47,<NULL>,PO_22774,,
1698,WD22TB4,FWSSSZ3,2024-06-13 11:22:47,<NULL>,PO_85905,,
1699,WD22TB4,FCMSSZ3,2024-06-13 11:22:47,<NULL>,PO_69970,,
1700,WD22TB4,DDMSSZ3,2024-06-13 11:22:47,<NULL>,PO_39898,,
1701,WD22TB4,4T8SSZ3,2024-06-13 11:22:47,<NULL>,PO_22774,,
1702,WD22TB4,4LMSSZ3,2024-06-13 11:22:47,<NULL>,PO_83463,,
1703,WD22TB4,1R8SSZ3,2024-06-13 11:22:47,<NULL>,PO_85905,,
1704,WD22TB4,J7GSSZ3,2024-06-13 11:22:47,<NULL>,PO_85905,,
1705,WD22TB4,8PSSSZ3,2024-06-13 11:22:47,<NULL>,PO_85905,,
1706,WD22TB4,1QSSSZ3,2024-06-13 11:22:47,<NULL>,PO_85905,,
1707,WD22TB4,6W8SSZ3,2024-06-13 11:22:47,<NULL>,PO_85905,,
1708,WD22TB4,119SSZ3,2024-06-13 11:22:47,<NULL>,PO_39898,,
1709,WD22TB4,GMMSSZ3,2024-06-13 11:22:47,<NULL>,PO_69970,,
1710,WD22TB4,9NMSSZ3,2024-06-13 11:22:47,<NULL>,PO_68723,,
1711,WD22TB4,8CGSSZ3,2024-06-13 11:22:47,<NULL>,PO_42658,,
1712,WD22TB4,HKMSSZ3,2024-06-13 11:22:47,<NULL>,PO_69970,,
1713,WD22TB4,HPSSSZ3,2024-06-13 11:22:47,<NULL>,PO_54288,,
1714,WD22TB4,7ZSSSZ3,2024-06-13 11:22:47,<NULL>,PO_51679,,
1715,WD22TB4,23GSSZ3,2024-06-13 11:22:47,<NULL>,PO_51679,,
1716,WD22TB4,4JMSSZ3,2024-06-13 11:22:47,<NULL>,PO_83409,,
1717,WD22TB4,C6GSSZ3,2024-06-13 11:22:47,<NULL>,PO_68723,,
1718,WD22TB4,497M824,2024-06-13 11:22:47,<NULL>,PO_42658,,
1719,WD22TB4,592M824,2024-06-13 11:22:47,<NULL>,PO_83463,,
1720,WD22TB4,582M824,2024-06-13 11:22:47,<NULL>,PO_54288,,
1721,WD22TB4,6C7M824,2024-06-13 11:22:47,<NULL>,PO_51679,,
1722,WD22TB4,452M824,2024-06-13 11:22:47,<NULL>,PO_51679,,
1723,WD22TB4,DC7M824,2024-06-13 11:22:47,<NULL>,PO_83409,,
1724,WD22TB4,162M824,2024-06-13 11:22:47,<NULL>,PO_68723,,
1725,WD22TB4,112M824,2024-06-13 11:22:47,<NULL>,PO_42658,,
1726,WD22TB4,172M824,2024-06-13 11:22:47,<NULL>,PO_83463,,
1727,WD22TB4,7D7M824,2024-06-13 11:22:47,<NULL>,PO_42658,,
1728,WD22TB4,H62M824,2024-06-13 11:22:47,<NULL>,PO_85905,,
1729,WD22TB4,2C7M824,2024-06-13 11:22:47,<NULL>,PO_22774,,
1730,WD22TB4,312M824,2024-06-13 11:22:47,<NULL>,PO_42658,,
1731,WD22TB4,7B7M824,2024-06-13 11:22:47,<NULL>,PO_51679,,
1732,WD22TB4,GC7M824,2024-06-13 11:22:47,<NULL>,PO_83463,,
1733,WD22TB4,832M824,2024-06-13 11:22:47,<NULL>,PO_69970,,
1734,WD22TB4,G62M824,2024-06-13 11:22:47,<NULL>,PO_68723,,
1735,WD22TB4,462M824,2024-06-13 11:22:47,<NULL>,PO_51679,,
1736,WD22TB4,3D7M824,2024-06-13 11:22:47,<NULL>,PO_83463,,
1737,WD22TB4,762M824,2024-06-13 11:22:47,<NULL>,PO_54288,,
1738,WD22TB4,682M824,2024-06-13 11:22:47,<NULL>,PO_83409,,
1739,WD22TB4,B97M824,2024-06-13 11:22:47,<NULL>,PO_51679,,
1740,WD22TB4,DB7M824,2024-06-13 11:22:47,<NULL>,PO_83409,,
1741,WD22TB4,242M824,2024-06-13 11:22:47,<NULL>,PO_83463,,
1742,WD22TB4,9WWL824,2024-06-13 11:22:47,<NULL>,PO_39898,,
1743,WD22TB4,982M824,2024-06-13 11:22:47,<NULL>,PO_83463,,
1744,WD22TB4,4C7M824,2024-06-13 11:22:47,<NULL>,PO_42658,,
1745,WD22TB4,9C7M824,2024-06-13 11:22:47,<NULL>,PO_22774,,
1746,WD22TB4,4D7M824,2024-06-13 11:22:47,<NULL>,PO_51679,,
1747,WD22TB4,6B7M824,2024-06-13 11:22:47,<NULL>,PO_22774,,
1748,WD22TB4,8C7M824,2024-06-13 11:22:47,<NULL>,PO_85905,,
1749,WD22TB4,7C7M824,2024-06-13 11:22:47,<NULL>,PO_69970,,
1750,WD22TB4,532M824,2024-06-13 11:22:47,<NULL>,PO_39898,,
1751,WD22TB4,5VWL824,2024-06-13 11:22:47,<NULL>,PO_22774,,
1752,WD22TB4,9D7M824,2024-06-13 11:22:47,<NULL>,PO_83463,,
1753,WD22TB4,552M824,2024-06-13 11:22:47,<NULL>,PO_85905,,
1754,WD22TB4,192M824,2024-06-13 11:22:47,<NULL>,PO_85905,,
1755,WD22TB4,7VWL824,2024-06-13 11:22:47,<NULL>,PO_85905,,
1756,WD22TB4,182M824,2024-06-13 11:22:47,<NULL>,PO_85905,,
1757,WD22TB4,3C7M824,2024-06-13 11:22:47,<NULL>,PO_85905,,
1758,WD22TB4,B62M824,2024-06-13 11:22:47,<NULL>,PO_39898,,
1759,WD22TB4,JJQL824,2024-06-13 11:22:47,<NULL>,PO_69970,,
1760,WD22TB4,8YCL824,2024-06-13 11:22:47,<NULL>,PO_68723,,
1761,WD22TB4,382M824,2024-06-13 11:22:47,<NULL>,PO_42658,,
1762,WD22TB4,1D7M824,2024-06-13 11:22:47,<NULL>,PO_69970,,
1763,WD22TB4,882M824,2024-06-13 11:22:47,<NULL>,PO_54288,,
1764,WD22TB4,212M824,2024-06-13 11:22:47,<NULL>,PO_51679,,
1765,WD22TB4,D72M824,2024-06-13 11:22:47,<NULL>,PO_51679,,
1766,WD22TB4,522M824,2024-06-13 11:22:47,<NULL>,PO_83409,,
1767,WD22TB4,472M824,2024-06-13 11:22:47,<NULL>,PO_68723,,
1768,WD22TB4,CD7M824,2024-06-13 11:22:47,<NULL>,PO_42658,,
1769,WD22TB4,2D7M824,2024-06-13 11:22:47,<NULL>,PO_83463,,
1770,WD22TB4,B82M824,2024-06-13 11:22:47,<NULL>,PO_54288,,
1771,WD22TB4,B72M824,2024-06-13 11:22:47,<NULL>,PO_51679,,
1772,WD22TB4,D97M824,2024-06-13 11:22:47,<NULL>,PO_51679,,
1773,WD22TB4,D02M824,2024-06-13 11:22:47,<NULL>,PO_83409,,
1774,WD22TB4,C32M824,2024-06-13 11:22:47,<NULL>,PO_68723,,
1775,WD22TB4,122M824,2024-06-13 11:22:47,<NULL>,PO_42658,,
1776,WD22TB4,H72M824,2024-06-13 11:22:47,<NULL>,PO_83463,,
1777,WD22TB4,J72M824,2024-06-13 11:22:47,<NULL>,PO_42658,,
1778,WD22TB4,1B7M824,2024-06-13 11:22:47,<NULL>,PO_85905,,
1779,WD22TB4,862M824,2024-06-13 11:22:47,<NULL>,PO_22774,,
1780,WD22TB4,302M824,2024-06-13 11:22:47,<NULL>,PO_42658,,
1781,WD22TB4,B22M824,2024-06-13 11:22:47,<NULL>,PO_51679,,
1782,WD22TB4,F72M824,2024-06-13 11:22:47,<NULL>,PO_83463,,
1783,WD22TB4,8D7M824,2024-06-13 11:22:47,<NULL>,PO_69970,,
1784,WD22TB4,C82M824,2024-06-13 11:22:47,<NULL>,PO_68723,,
1785,WD22TB4,362M824,2024-06-13 11:22:47,<NULL>,PO_51679,,
1786,WD22TB4,3B7M824,2024-06-13 11:22:47,<NULL>,PO_83463,,
1787,WD22TB4,997M824,2024-06-13 11:22:47,<NULL>,PO_54288,,
1788,WD22TB4,G32M824,2024-06-13 11:22:47,<NULL>,PO_83409,,
1789,WD22TB4,4ZWL824,2024-06-13 11:22:47,<NULL>,PO_51679,,
1790,UD22,7FVG3S3,2024-06-13 11:22:47,<NULL>,PO_83409,,
1791,UD22,7Z2F3S3,2024-06-13 11:22:47,<NULL>,PO_83463,,
1792,UD22,7FYF3S3,2024-06-13 11:22:47,<NULL>,PO_39898,,
1793,UD22,7FQH3S3,2024-06-13 11:22:47,<NULL>,PO_83463,,
1794,UD22,7FPG3S3,2024-06-13 11:22:47,<NULL>,PO_42658,,
1795,UD22,7FRH3S3,2024-06-13 11:22:47,<NULL>,PO_22774,,
1796,UD22,7F6G3S3,2024-06-13 11:22:47,<NULL>,PO_51679,,
1797,UD22,7F8F3S3,2024-06-13 11:22:47,<NULL>,PO_22774,,
1798,UD22,7FZG3S3,2024-06-13 11:22:47,<NULL>,PO_85905,,
1799,UD22,7F6F3S3,2024-06-13 11:22:47,<NULL>,PO_69970,,
1800,UD22,7FZF3S3,2024-06-13 11:22:47,<NULL>,PO_39898,,
1801,UD22,78BH3S3,2024-06-13 11:22:47,<NULL>,PO_22774,,
1802,UD22,7F4G3S3,2024-06-13 11:22:47,<NULL>,PO_83463,,
1803,UD22,7F5F3S3,2024-06-13 11:22:47,<NULL>,PO_85905,,
1804,UD22,7F6H3S3,2024-06-13 11:22:47,<NULL>,PO_85905,,
1805,UD22,7F3G3S3,2024-06-13 11:22:47,<NULL>,PO_85905,,
1806,UD22,7F3F3S3,2024-06-13 11:22:47,<NULL>,PO_85905,,
1807,UD22,7FXH3S3,2024-06-13 11:22:47,<NULL>,PO_85905,,
1808,UD22,7FLG3S3,2024-06-13 11:22:47,<NULL>,PO_39898,,
1809,UD22,7FMF3S3,2024-06-13 11:22:47,<NULL>,PO_69970,,
1810,UD22,7G6F3S3,2024-06-13 11:22:47,<NULL>,PO_68723,,
1811,UD22,7G0F3S3,2024-06-13 11:22:47,<NULL>,PO_42658,,
1812,UD22,7GBG3S3,2024-06-13 11:22:47,<NULL>,PO_69970,,
1813,UD22,7G2H3S3,2024-06-13 11:22:47,<NULL>,PO_54288,,
1814,UD22,7G2F3S3,2024-06-13 11:22:47,<NULL>,PO_51679,,
1815,UD22,7FZH3S3,2024-06-13 11:22:47,<NULL>,PO_51679,,
1816,UD22,7G0J3S3,2024-06-13 11:22:47,<NULL>,PO_83409,,
1817,UD22,7F9H3S3,2024-06-13 11:22:47,<NULL>,PO_68723,,
1818,UD22,7F5H3S3,2024-06-13 11:22:47,<NULL>,PO_42658,,
1819,UD22,709H3S3,2024-06-13 11:22:47,<NULL>,PO_83463,,
1820,UD22,70WD3S3,2024-06-13 11:22:47,<NULL>,PO_54288,,
1821,UD22,70VF3S3,2024-06-13 11:22:47,<NULL>,PO_51679,,
1822,UD22,70FF3S3,2024-06-13 11:22:47,<NULL>,PO_51679,,
1823,UD22,7FNG3S3,2024-06-13 11:22:47,<NULL>,PO_83409,,
1824,UD22,7F5G3S3,2024-06-13 11:22:47,<NULL>,PO_68723,,
1825,UD22,7YYG3S3,2024-06-13 11:22:47,<NULL>,PO_42658,,
1826,UD22,7J1G3S3,2024-06-13 11:22:47,<NULL>,PO_83463,,
1827,UD22,7FNH3S3,2024-06-13 11:22:47,<NULL>,PO_42658,,
1828,UD22,7FQF3S3,2024-06-13 11:22:47,<NULL>,PO_85905,,
1829,UD22,7FNF3S3,2024-06-13 11:22:47,<NULL>,PO_22774,,
1830,UD22,7FRF3S3,2024-06-13 11:22:47,<NULL>,PO_42658,,
1831,UD22,7FVD3S3,2024-06-13 11:22:47,<NULL>,PO_51679,,
1832,UD22,7FMG3S3,2024-06-13 11:22:47,<NULL>,PO_83463,,
1833,UD22,73SG3S3,2024-06-13 11:22:47,<NULL>,PO_69970,,
1834,UD22,6S7F3S3,2024-06-13 11:22:47,<NULL>,PO_68723,,
1835,UD22,76DH3S3,2024-06-13 11:22:47,<NULL>,PO_51679,,
1836,UD22,7F8H3S3,2024-06-13 11:22:47,<NULL>,PO_83463,,
1837,UD22,73VH3S3,2024-06-13 11:22:47,<NULL>,PO_54288,,
1838,UD22,7F7H3S3,2024-06-13 11:22:47,<NULL>,PO_83409,,
1839,UD22,7Z2H3S3,2024-06-13 11:22:47,<NULL>,PO_51679,,
1840,UD22,6RRH3S3,2024-06-13 11:22:47,<NULL>,PO_83409,,
1841,UD22,6RVH3S3,2024-06-13 11:22:47,<NULL>,PO_83463,,
1842,UD22,6RSF3S3,2024-06-13 11:22:47,<NULL>,PO_39898,,
1843,UD22,749H3S3,2024-06-13 11:22:47,<NULL>,PO_83463,,
1844,UD22,75TD3S3,2024-06-13 11:22:47,<NULL>,PO_42658,,
1845,UD22,73VG3S3,2024-06-13 11:22:47,<NULL>,PO_22774,,
1846,UD22,8ZJW3S3,2024-06-13 11:22:47,<NULL>,PO_51679,,
1847,UD22,8GBX3S3,2024-06-13 11:22:47,<NULL>,PO_22774,,
1848,UD22,8ZKW3S3,2024-06-13 11:22:47,<NULL>,PO_85905,,
1849,UD22,8Z7W3S3,2024-06-13 11:22:47,<NULL>,PO_69970,,
1850,UD22,8YTX3S3,2024-06-13 11:22:47,<NULL>,PO_39898,,
1851,UD22,8ZGW3S3,2024-06-13 11:22:47,<NULL>,PO_22774,,
1852,UD22,8YLW3S3,2024-06-13 11:22:47,<NULL>,PO_83463,,
1853,UD22,8YKX3S3,2024-06-13 11:22:47,<NULL>,PO_85905,,
1854,UD22,8YJV3S3,2024-06-13 11:22:47,<NULL>,PO_85905,,
1855,UD22,8YLV3S3,2024-06-13 11:22:47,<NULL>,PO_85905,,
1856,UD22,8YKV3S3,2024-06-13 11:22:47,<NULL>,PO_85905,,
1857,UD22,8X4W3S3,2024-06-13 11:22:47,<NULL>,PO_85905,,
1858,UD22,88GX3S3,2024-06-13 11:22:47,<NULL>,PO_39898,,
1859,UD22,871X3S3,2024-06-13 11:22:47,<NULL>,PO_69970,,
1860,UD22,88HW3S3,2024-06-13 11:22:47,<NULL>,PO_68723,,
1861,UD22,88FV3S3,2024-06-13 11:22:47,<NULL>,PO_42658,,
1862,UD22,88BV3S3,2024-06-13 11:22:47,<NULL>,PO_69970,,
1863,UD22,887X3S3,2024-06-13 11:22:47,<NULL>,PO_54288,,
1864,UD22,8ZPV3S3,2024-06-13 11:22:47,<NULL>,PO_51679,,
1865,UD22,8ZKX3S3,2024-06-13 11:22:47,<NULL>,PO_51679,,
1866,UD22,8ZNV3S3,2024-06-13 11:22:47,<NULL>,PO_83409,,
1867,UD22,8VJW3S3,2024-06-13 11:22:47,<NULL>,PO_68723,,
1868,UD22,8YZV3S3,2024-06-13 11:22:47,<NULL>,PO_42658,,
1869,UD22,8VMV3S3,2024-06-13 11:22:47,<NULL>,PO_83463,,
1870,UD22,8YBX3S3,2024-06-13 11:22:47,<NULL>,PO_54288,,
1871,UD22,8YQV3S3,2024-06-13 11:22:47,<NULL>,PO_51679,,
1872,UD22,8YHX3S3,2024-06-13 11:22:47,<NULL>,PO_51679,,
1873,UD22,8YMX3S3,2024-06-13 11:22:47,<NULL>,PO_83409,,
1874,UD22,8Y7X3S3,2024-06-13 11:22:47,<NULL>,PO_68723,,
1875,UD22,8YJW3S3,2024-06-13 11:22:47,<NULL>,PO_42658,,
1876,UD22,8VTX3S3,2024-06-13 11:22:47,<NULL>,PO_83463,,
1877,UD22,8VSV3S3,2024-06-13 11:22:47,<NULL>,PO_42658,,
1878,UD22,8VSW3S3,2024-06-13 11:22:47,<NULL>,PO_85905,,
1879,UD22,8VQX3S3,2024-06-13 11:22:47,<NULL>,PO_22774,,
1880,UD22,8V5X3S3,2024-06-13 11:22:47,<NULL>,PO_42658,,
1881,UD22,8VNX3S3,2024-06-13 11:22:47,<NULL>,PO_51679,,
1882,UD22,8YMW3S3,2024-06-13 11:22:47,<NULL>,PO_83463,,
1883,UD22,8YNW3S3,2024-06-13 11:22:47,<NULL>,PO_69970,,
1884,UD22,8YPW3S3,2024-06-13 11:22:47,<NULL>,PO_68723,,
1885,UD22,8YLX3S3,2024-06-13 11:22:47,<NULL>,PO_51679,,
1886,UD22,8YCV3S3,2024-06-13 11:22:47,<NULL>,PO_83463,,
1887,UD22,8YGW3S3,2024-06-13 11:22:47,<NULL>,PO_54288,,
1888,UD22,8ZBX3S3,2024-06-13 11:22:47,<NULL>,PO_83409,,
1889,UD22,8VVW3S3,2024-06-13 11:22:47,<NULL>,PO_51679,,
1890,UD22,8W3X3S3,2024-06-13 11:22:47,<NULL>,PO_83409,,
1891,UD22,8Z7X3S3,2024-06-13 11:22:47,<NULL>,PO_83463,,
1892,UD22,8ZCW3S3,2024-06-13 11:22:47,<NULL>,PO_39898,,
1893,UD22,8ZDV3S3,2024-06-13 11:22:47,<NULL>,PO_83463,,
1894,UD22,8QCW3S3,2024-06-13 11:22:47,<NULL>,PO_42658,,
1895,UD22,8Q5V3S3,2024-06-13 11:22:47,<NULL>,PO_22774,,
1896,UD22,8Q6W3S3,2024-06-13 11:22:47,<NULL>,PO_51679,,
1897,UD22,8QBX3S3,2024-06-13 11:22:47,<NULL>,PO_22774,,
1898,UD22,8Q2V3S3,2024-06-13 11:22:47,<NULL>,PO_85905,,
1899,UD22,8QDV3S3,2024-06-13 11:22:47,<NULL>,PO_69970,,
1900,UD22,8Y5W3S3,2024-06-13 11:22:47,<NULL>,PO_39898,,
1901,UD22,8YHW3S3,2024-06-13 11:22:47,<NULL>,PO_22774,,
1902,UD22,8YSW3S3,2024-06-13 11:22:47,<NULL>,PO_83463,,
1903,UD22,8YRV3S3,2024-06-13 11:22:47,<NULL>,PO_85905,,
1904,UD22,8YNV3S3,2024-06-13 11:22:47,<NULL>,PO_85905,,
1905,UD22,8YRX3S3,2024-06-13 11:22:47,<NULL>,PO_85905,,
1906,UD22,8ZHX3S3,2024-06-13 11:22:47,<NULL>,PO_85905,,
1907,UD22,8ZGV3S3,2024-06-13 11:22:47,<NULL>,PO_85905,,
1908,UD22,8ZLV3S3,2024-06-13 11:22:47,<NULL>,PO_39898,,
1909,UD22,8Z9V3S3,2024-06-13 11:22:47,<NULL>,PO_69970,,
1910,UD22,8ZJX3S3,2024-06-13 11:22:47,<NULL>,PO_68723,,
1911,UD22,8ZJV3S3,2024-06-13 11:22:47,<NULL>,PO_42658,,
1912,UD22,8Z3W3S3,2024-06-13 11:22:47,<NULL>,PO_69970,,
1913,UD22,8THV3S3,2024-06-13 11:22:47,<NULL>,PO_54288,,
1914,UD22,8T2V3S3,2024-06-13 11:22:47,<NULL>,PO_51679,,
1915,UD22,8Z9W3S3,2024-06-13 11:22:47,<NULL>,PO_51679,,
1916,UD22,8Z7V3S3,2024-06-13 11:22:47,<NULL>,PO_83409,,
1917,UD22,8Z8W3S3,2024-06-13 11:22:47,<NULL>,PO_68723,,
1918,UD22,88BX3S3,2024-06-13 11:22:47,<NULL>,PO_42658,,
1919,UD22,88BW3S3,2024-06-13 11:22:47,<NULL>,PO_83463,,
1920,UD22,887V3S3,2024-06-13 11:22:47,<NULL>,PO_54288,,
1921,UD22,83TT3S3,2024-06-13 11:22:47,<NULL>,PO_51679,,
1922,UD22,88CV3S3,2024-06-13 11:22:47,<NULL>,PO_51679,,
1923,UD22,883X3S3,2024-06-13 11:22:47,<NULL>,PO_83409,,
1924,UD22,8Q6X3S3,2024-06-13 11:22:47,<NULL>,PO_68723,,
1925,UD22,8QFV3S3,2024-06-13 11:22:47,<NULL>,PO_42658,,
